employee_id,first_name,last_name
1,Samuel,Brown
2,Noah,Chen
3,Olivia,Dubois
4,Belissica,Gellor
5,Max,Ivanov
6,Zoe,Jones
7,Emma,Nguyen
8,Mia,Rossi
9,Carlos,Garcia
10,Ann Michele,van der Sar
11,Ava,Patel
12,Kimble,Rand
13,Aiden,Martin
14,Alexander,Muller
15,Ethan,Smith
16,Emily,Smith
17,Muhammad,Ali
18,Sophie,Johnson
19,Rajesh,Patel
20,Olivia,Brown
21,Aysha,Ali
22,William,Turner
23,Isabella,Clark
24,Liam,Wilson
25,Fatima,Hussain
26,James,Robinson
27,Sofia,Garcia
28,Thomas,Williams
29,Priya,Sharma
30,David,Anderson
31,Amir,Khan
32,Charlotte,White
33,Abdullah,Mohammed
34,Oliver,Jones
35,Aaliyah,Singh
36,Alexander,Smith
37,Zara,Begum
38,George,Baker
39,Layla,Martin
40,Ethan,Davies
41,Lila,Cooper
42,Jack,Wright
43,Aisha,Smith
44,Noah,Hughes
45,Ella,Scott
46,Mohammed,Johnson